ship_country,receita_por_pais
PT,7130930.440000148
BR,7128693.990000151
JP,7118638.120000149
UK,7113495.520000152
AU,7104594.620000151
US,7045924.670000151
FR,7032878.3200001605
DK,7028117.510000164
GE,6944379.690000166
